publishedAt,title,description,url,source.name,author
2025-10-16 11:23:41+00:00,Last surviving member of first team to scale Everest dies aged 92,Kanchha Sherpa was 19 when he accompanied the team led by Edmund Hillary and Tenzing Norgay to the summit in 1953.,https://www.bbc.com/news/articles/ceq0xlnv2x2o,BBC News,
2025-10-15 10:12:21+00:00,India’s Himalayan villages slowly reviving decades after conflict,"People return to Himalayan villages each summer, despite their decline after the 1962 India-China border closure.",https://www.aljazeera.com/gallery/2025/10/15/life-slowly-returning-to-abandoned-himalayan-villages-in-india,Al Jazeera English,Al Jazeera
2025-10-15 03:44:20+00:00,Photos show life slowly returning to abandoned Himalayan villages in India,"Dozens of dilapidated stone buildings are what is left of the once-thriving border village of Martoli, in the northern Indian state of Uttarakhand.  Nestled ...",https://www.yahoo.com/news/articles/photos-show-life-slowly-returning-034420615.html,Yahoo Entertainment,SATISH SHARMA
2025-10-29 12:30:59+00:00,"Brink Traveler Adds New Locations, Hand Tracking Support & More","VR travel app Brink Traveler added new locations, hand tracking support, and more in a major free update.",https://www.uploadvr.com/brink-traveller-italian-dolomites-iceland-hand-tracking-support/,UploadVR,Sarah Thwaites
2025-10-21 01:06:55+00:00,Argentina Could Be a Superpower,Its geography could have made it the United States of Latin America,https://unchartedterritories.tomaspueyo.com/p/argentina-could-be-a-superpower,Tomaspueyo.com,Tomas Pueyo
2025-10-29 06:07:41+00:00,Tanzania elections: Who’s standing and what’s at stake?,Opposition members accuse President Samia Suluhu Hassan of cracking down on dissent to stay in power.,https://www.aljazeera.com/news/2025/10/29/tanzania-elections-whos-standing-and-whats-at-stake,Al Jazeera English,Shola Lawal
2025-10-21 01:00:33+00:00,Eating Japan’s highest-priced Cup Noodle at Japan’s highest place【Photos】,"So very, very takai. Cup Noodle instant ramen has a lot of things going for it. It keeps for a long time, it’s quick and easy to make, and it’s tasty. But you can’t sing the praises of Cup Noodle without also devoting some of the lyrics to how cheap it is, ri…",https://soranews24.com/2025/10/21/eating-japans-highest-priced-cup-noodle-at-japans-highest-place%e3%80%90photos%e3%80%91/,SoraNews24,Casey Baseel
2025-11-11 12:11:08+00:00,Has Noah's Ark Finally Been Found? Radar Sparks Biblical Buzz,Ground Penetrating Radar (GPR) tchnology may have discovered the location of the remnants of Noah's Ark.,https://www.ibtimes.com/has-noahs-ark-finally-been-found-radar-sparks-biblical-buzz-3790101,International Business Times,Shiena Iane B Enerio
2025-10-21 20:53:33+00:00,Guinness-Recognized Fireworks Photo Removed After One Complaint,"A photograph of fireworks soaring above the Edo River in Chiba’s Ichikawa City — forming what looked like a glowing Mount Fuji — was taken down from city hall just one day after being displayed, following a single citizen complaint. (News On Japan)",https://newsonjapan.com/article/147350.php,Newsonjapan.com,
2025-11-11 17:30:40+00:00,"Maker of Japan’s first crane machine is looking for a working model, offering 100,000-yen reward","Taito is also giving away free games to fans with personal memories of the Crown 602. Crane games are so ubiquitous in Japan that they feel like something that’s always been a part of the country, like the arcade landscape equivalent of Mt. Fuji. But much lik…",https://soranews24.com/2025/11/12/maker-of-japans-first-crane-machine-is-looking-for-a-working-model-offering-100000-yen-reward/,SoraNews24,Casey Baseel
2025-10-31 18:55:06+00:00,72 peaks. 31 days. One mountaineering legend: Kilian Jornet’s mind-blowing mountain marathon,Jornet did something this month that left even other elite athletes gasping.,https://www.bostonherald.com/2025/10/31/72-peaks-31-days-one-mountaineering-legend-kilian-jornets-mind-blowing-mountain-marathon/,Boston Herald,Tribune News Service
2025-10-28 09:03:17+00:00,Young shinty player trains at Everest Base Camp,The sport popular in the Highlands has hit new heights thanks to Fort Augustus boy Fergus Maclean.,https://www.bbc.com/news/articles/cp971e03l3xo,BBC News,
2025-10-21 13:00:10+00:00,"Transcript: Henry Ward, Carta Chief Executive Officer","The transcript from this week’s, MiB: Henry Ward, Carta Chief Executive Officer, is below. You can stream and download our full conversation, including any podcast extras, on Apple Podcasts, Spotify, YouTube, and Bloomberg. All of our earlier podcasts on your…",https://ritholtz.com/2025/10/transcript-henry-ward/,Ritholtz.com,Barry Ritholtz
2025-10-15 11:01:00+00:00,"National Geographic Documents Athlete Jim Morrison's Unprecedented, Historic Ski Descent on North Face of Mount Everest on October 15, 2025","National Geographic Documentary Films once again teams with Oscar and BAFTA Award-winning directors Chai Vasarhelyi and Jimmy Chin to film the exhilarating and heartbreaking odyssey for the upcoming documentary ""Everest North"" (wt).",http://www.thefutoncritic.com/news/2025/10/15/national-geographic-documents-athlete-jim-morrisons-unprecedented-historic-ski-descent-on-north-face-of-mount-everest-on-october-15-2025-873012/20251015ngc01/,Thefutoncritic.com,
2025-10-21 14:40:44+00:00,Mt. Whitney hikers love this Chinese restaurant pitstop that looks like a merry-go-round,"From the patio, diners can gaze at the jagged crown of the tallest mountain in the contiguous U.S.",https://www.bostonherald.com/2025/10/21/mt-whitney-hikers-love-this-chinese-restaurant-pitstop-that-looks-like-a-merry-go-round/,Boston Herald,Tribune News Service
2025-10-16 00:21:44+00:00,"Discover Mendoza, Argentina: Where the glass is always half full","Western Argentina’s Mendoza Province is the stuff of many oeno-tourists’ dreams: the very best in South American wines. Famed...
The post Discover Mendoza, Argentina: Where the glass is always half full appeared first on A Luxury Travel Blog.",https://www.aluxurytravelblog.com/2025/10/16/discover-mendoza-argentina-where-the-glass-is-always-half-full/,Aluxurytravelblog.com,Alfonso Tandazo
2025-11-04 00:00:00+00:00,The legendary West Highland Way is the best way to explore the Scottish Highlands,"Following old military roads through pine forests and barren moorland, hikers trace centuries of lore while experiencing a taste of local life.",https://www.nationalgeographic.com/travel/article/west-highland-way-scotland,National Geographic,@NatGeoTravel
2025-11-05 15:04:58+00:00,Matt Ferrari Exits TruAmerica to Start New Multifamily Investment Platform,"Matt Ferrari may have summited Mount Everest this year, but there’s no rest in sight quite yet, because he now has a mountain of a different kind to scale.  Ferrari has left his position as co-chief investment officer and head of East Coast acquisitions for T…",http://commercialobserver.com/2025/11/matt-ferrari-truamerica-pxv/,Commercial Observer,Cathy Cunningham
2025-10-27 20:10:14+00:00,The Best Video Cameras to Take On Long-Distance Backpacking,"It was sunset on top of the tallest mountain in the continental United States, and I had two immediate priorities. One was dinner. As a long-distance backpacker on the Pacific Crest Trail, I was burning between 4,000 and 6,000 calories a day, and losing too m…",https://petapixel.com/2025/10/27/the-best-video-cameras-to-take-on-long-distance-backpacking/,PetaPixel,Taylor Passofaro
2025-11-01 11:08:00+00:00,"What to Do in Portland, Oregon If You're Here for Business (2025)","Work, eat, and play like a local with this business traveler's guide. Discover Portland’s best hotels, coworking spaces, and hidden gems worth your time.",https://www.wired.com/story/the-wired-guide-to-portland-for-business-travelers/,Wired,Matthew Korfhage
